discord_uuid,discord_name,riot_id,tracker,pr,team
1182799456131895450,fortniteenjoyer,FortniteEnjoyer#4549,https://tracker.gg/valorant/profile/riot/FortniteEnjoyer%234549/performance?platform=pc&playlist=competitive&season=4c4b8cff-43eb-13d3-8f14-96b783c90cd2,1,Sneaky Golems
1188181788921712783,merrt,merrt#doom,https://tracker.gg/valorant/profile/riot/merrt%23doom/performance?platform=pc&playlist=competitive&season=4c4b8cff-43eb-13d3-8f14-96b783c90cd2,4,Sneaky Golems
703296046414954576,vix134,Solvin#6087,https://tracker.gg/valorant/profile/riot/Solvin%236087/performance?platform=pc&playlist=competitive&season=4c4b8cff-43eb-13d3-8f14-96b783c90cd2,5,Sneaky Golems
540511180876414997,wolf0057,WOLF#TRASH,https://tracker.gg/valorant/profile/riot/WOLF%23TRASH/performance?platform=pc&playlist=competitive&season=4c4b8cff-43eb-13d3-8f14-96b783c90cd2,3,Sneaky Golems
503179415279370252,addsunn,addsunn#meow,https://tracker.gg/valorant/profile/riot/addsunn%23meow/performance?platform=pc&playlist=competitive&season=4c4b8cff-43eb-13d3-8f14-96b783c90cd2,2,Sneaky Golems
718239639428923392,dilligent12,itachi#tuff,https://tracker.gg/valorant/profile/riot/Itachi%23tuff/performance?platform=pc&playlist=competitive&season=4c4b8cff-43eb-13d3-8f14-96b783c90cd2,2,doug
956767866504482856,fraudulent0200,lettuce#miow,https://tracker.gg/valorant/profile/riot/lettuce%23miow/performance?platform=pc&playlist=competitive&season=4c4b8cff-43eb-13d3-8f14-96b783c90cd2,1,doug
1305653170768445621,littlebeo927,bobbysauce#mild,https://tracker.gg/valorant/profile/riot/bobbysauce%23mild/performance?platform=pc&playlist=competitive&season=4c4b8cff-43eb-13d3-8f14-96b783c90cd2,3,doug
450829760117866510,natelb3,nate#valo,https://tracker.gg/valorant/profile/riot/nate%23valo/performance?platform=pc&playlist=competitive&season=4c4b8cff-43eb-13d3-8f14-96b783c90cd2,5,doug
422867004098084884,deron0293,DKgaz YT#Gay,https://tracker.gg/valorant/profile/riot/DKgaz%20YT%23Gay/performance?platform=pc&playlist=competitive&season=4c4b8cff-43eb-13d3-8f14-96b783c90cd2,4,doug
647998719706398721,vic.bum,vic#Tubby,https://tracker.gg/valorant/profile/riot/vic%23Tubby/performance?platform=pc&playlist=competitive&season=4c4b8cff-43eb-13d3-8f14-96b783c90cd2,3,bRATz
700207749119606845,yulisa7634,yuhlisa#NA1,https://tracker.gg/valorant/profile/riot/yuhlisa%23NA1/performance?platform=pc&playlist=competitive&season=4c4b8cff-43eb-13d3-8f14-96b783c90cd2,4,bRATz
276899027314933760,ntry,Ntry#bang,https://tracker.gg/valorant/profile/riot/NTry%23bang/performance?platform=pc&playlist=competitive&season=4c4b8cff-43eb-13d3-8f14-96b783c90cd2,3,bRATz
616814483947651073,haaj,haaj#yona,https://tracker.gg/valorant/profile/riot/haaj%23yona/performance?platform=pc&playlist=competitive&season=4c4b8cff-43eb-13d3-8f14-96b783c90cd2,2,bRATz
526239897171001354,luv.em,3mxter#void,https://tracker.gg/valorant/profile/riot/3mxter%23void/performance?platform=pc&playlist=competitive&season=4c4b8cff-43eb-13d3-8f14-96b783c90cd2,2,bRATz
442472566972743680,doomvlr,NOT doom#NOT,https://tracker.gg/valorant/profile/riot/NOT%20doom%23NOT/performance?platform=pc&playlist=competitive&season=4c4b8cff-43eb-13d3-8f14-96b783c90cd2,5,NOT winning
703309020856844338,.minik0ng,miniKong#FLEX,https://tracker.gg/valorant/profile/riot/miniKong%23FLEX/performance?platform=pc&playlist=competitive&season=5adc33fa-4f30-2899-f131-6fba64c5dd3a,4,NOT winning
546780157155999745,applezzz03,AppleZZZ#Icky,https://tracker.gg/valorant/profile/riot/AppleZZZ%23lcky/performance?platform=pc&playlist=competitive&season=5adc33fa-4f30-2899-f131-6fba64c5dd3a,3,NOT winning
805822097879859200,ok_im_miko,miko#2467,https://tracker.gg/valorant/profile/riot/miko%232467/performance?platform=pc&playlist=competitive&season=5adc33fa-4f30-2899-f131-6fba64c5dd3a,2,NOT winning
251064285529112578,mrblueguy,4playallday#4play,https://tracker.gg/valorant/profile/riot/4playallday%234play/performance?platform=pc&playlist=competitive&season=5adc33fa-4f30-2899-f131-6fba64c5dd3a,1,NOT winning
203905005072285705,idoruler,plorbin#plrbn,https://tracker.gg/valorant/profile/riot/plorbin%23plrbn,2,Frag Frogs
132369493883224064,._.nico,NOOBHUMBLER1995#SIT,https://tracker.gg/valorant/profile/riot/NOOBHUMBLER1995%23SIT/,5,Frag Frogs
203363662310801409,bloosh,goopy#plrbn,https://tracker.gg/valorant/profile/riot/goopy%23plrbn/,4,Frag Frogs
420807996419866625,ukiyo.1.,joni#plrbn,https://tracker.gg/valorant/profile/riot/joni%23plrbn/,3,Frag Frogs
222032069361008640,victowwia,Starwalker#orig,https://tracker.gg/valorant/profile/riot/Starwalker%23orig/,1,Frag Frogs
507675411887685652,trombonemannoah,TromboneManNoah#dss,https://tracker.gg/valorant/profile/riot/TromboneManNoah%23dss/performance?platform=pc&playlist=competitive&season=4c4b8cff-43eb-13d3-8f14-96b783c90cd2,4,DSS Gaming
145577767910506496,_toastlord,FrenchToast#dss,https://tracker.gg/valorant/profile/riot/FrenchToast%23dss/performance?platform=pc&playlist=competitive&season=4c4b8cff-43eb-13d3-8f14-96b783c90cd2,4,DSS Gaming
270236208511188994,jackk.frost,frost#2118,https://tracker.gg/valorant/profile/riot/frost%232118/performance?platform=pc&playlist=competitive&season=4c4b8cff-43eb-13d3-8f14-96b783c90cd2,4,DSS Gaming
325436292533977089,mr.physicsgod,BigSlime#BS69,https://tracker.gg/valorant/profile/riot/BigSlime%23BS69/performance?platform=pc&playlist=competitive&season=4c4b8cff-43eb-13d3-8f14-96b783c90cd2,3,DSS Gaming
1088902633508581479,fife0123,FIFE01#3292,https://tracker.gg/valorant/profile/riot/FIFE01%233292/performance?platform=pc&playlist=competitive&season=4c4b8cff-43eb-13d3-8f14-96b783c90cd2,0,DSS Gaming
982478922497265715,imsombr,Huron#twnm,https://tracker.gg/valorant/profile/riot/Lord%20Huron%23woods/performance?platform=pc&playlist=competitive&season=4c4b8cff-43eb-13d3-8f14-96b783c90cd2,2,Just Banana
614231019301634059,depeaa,dep#high,https://tracker.gg/valorant/profile/riot/dep%23high/performance?platform=pc&playlist=competitive&season=4c4b8cff-43eb-13d3-8f14-96b783c90cd2,5,Just Banana
474241341770039296,grandpapapaya,Meow Meow Papaya #meow,https://tracker.gg/valorant/profile/riot/Meow%20Meow%20Papaya%23meow/performance?platform=pc&playlist=competitive&season=4c4b8cff-43eb-13d3-8f14-96b783c90cd2,2,Just Banana
178662616980258816,bloodhunter,BloodHunter#2329,https://tracker.gg/valorant/profile/riot/BloodHunter%232329/performance?platform=pc&playlist=competitive&season=4c4b8cff-43eb-13d3-8f14-96b783c90cd2,4,Just Banana
1008862296132567210,pokemon0622,Zheng#FAD3,https://tracker.gg/valorant/profile/riot/Zheng%23FAD3/performance?platform=pc&playlist=competitive&season=4c4b8cff-43eb-13d3-8f14-96b783c90cd2,2,Just Banana
477660103332593680,dannyyf,d4nny#0011,https://tracker.gg/valorant/profile/riot/d4nny%230011/performance?platform=pc&playlist=competitive&season=4c4b8cff-43eb-13d3-8f14-96b783c90cd2,6,Baguette 5
525461935492169728,noahet,twitch noahzones#love,https://tracker.gg/valorant/profile/riot/twitch%20noahzones%23love/performance?platform=pc&playlist=competitive&season=4c4b8cff-43eb-13d3-8f14-96b783c90cd2,6,Baguette 5
405086058452090881,choccy1672,bbL#monke,https://tracker.gg/valorant/profile/riot/bbL%23monke/performance?platform=pc&playlist=competitive&season=4c4b8cff-43eb-13d3-8f14-96b783c90cd2,3,Baguette 5
1108481811291578419,carseatgaming,carseatgaming#sad,https://tracker.gg/valorant/profile/riot/carseatgaming%23sad/overview?platform=pc&playlist=competitive,0,Baguette 5
1035320694667493436,st.scoop,Milkk#2121,https://tracker.gg/valorant/profile/riot/Milkk%232121/performance?platform=pc&playlist=competitive&season=4c4b8cff-43eb-13d3-8f14-96b783c90cd2,0,Baguette 5
753402354761465997,fw.scrub,白色游侠#100,https://tracker.gg/valorant/profile/riot/%E7%99%BD%E8%89%B2%E6%B8%B8%E4%BE%A0%23100/matches?platform=pc&playlist=competitive,3,The Zenith
711025909322219622,abovez.,ABOVEzz#NA1,https://tracker.gg/valorant/profile/riot/ABOVEzz%23NA1/overview?playlist=competitive&platform=pc&season=4c4b8cff-43eb-13d3-8f14-96b783c90cd2,3,The Zenith
599363531082825764,tongotk6688,BAKI#00202,https://tracker.gg/valorant/profile/riot/BAKI%2300202/overview?playlist=premier&platform=pc,2,The Zenith
631231483566358528,sebs_bass,ACA Puff#9733,https://tracker.gg/valorant/profile/riot/ACA%20Puff%239733/performance?platform=pc&playlist=competitive&season=4c4b8cff-43eb-13d3-8f14-96b783c90cd2,4,The Zenith
260175512230559745,bowsamonya,Dumptruck Diana#DUMPY,https://tracker.gg/valorant/profile/riot/Dumptruck%20Diana%23DUMPY/overview?platform=pc&playlist=competitive&season=4c4b8cff-43eb-13d3-8f14-96b783c90cd2,2,The Zenith
761354220527026187,sweepzjr,sweepzjr#ggez,https://tracker.gg/valorant/profile/riot/sweepzjr%23ggez/performance?platform=pc&playlist=competitive&season=4c4b8cff-43eb-13d3-8f14-96b783c90cd2,5,Eco Warriors
778069654996385832,kamm2sexy,Humble King#hmble,https://tracker.gg/valorant/profile/riot/Humble%20King%23hmble/performance?platform=pc&playlist=competitive,4,Eco Warriors
263132494948335626,keegan_23,Splash#5070,https://tracker.gg/valorant/profile/riot/Splash%235070/performance?platform=pc&playlist=competitive&season=4c4b8cff-43eb-13d3-8f14-96b783c90cd2,3,Eco Warriors
541718923721048067,junglesnipez,JungleSnipez#2568,https://tracker.gg/valorant/profile/riot/JungleSnipez%232568/performance?platform=pc&playlist=competitive&season=4c4b8cff-43eb-13d3-8f14-96b783c90cd2,3,Eco Warriors
870878648683622421,t1dal.wave,t1dalwave#325,https://tracker.gg/valorant/profile/riot/t1dalwave%23325/performance?platform=pc&playlist=competitive&season=4c4b8cff-43eb-13d3-8f14-96b783c90cd2,0,Eco Warriors
398157706965286925,djbeesquared,HellsBells#Queen,https://tracker.gg/valorant/profile/riot/HellsBells%23Queen/performance?platform=pc&playlist=competitive&season=4c4b8cff-43eb-13d3-8f14-96b783c90cd2,0,The Omen Protocol
611635590789595139,matt3r_,MATT3R#007,https://tracker.gg/valorant/profile/riot/MATT3R%23007/performance?platform=pc&playlist=competitive&season=5adc33fa-4f30-2899-f131-6fba64c5dd3a,2,The Omen Protocol
484467841634926593,whoviancat,WhovianCat#Mew,https://tracker.gg/valorant/profile/riot/Whoviancat%23mew/performance?platform=pc&playlist=competitive&season=5adc33fa-4f30-2899-f131-6fba64c5dd3a,2,The Omen Protocol
479069245716561921,.woc.,Cash Carti#vampp,https://tracker.gg/valorant/profile/riot/Cash%20Carti%23vampp/performance?platform=pc&playlist=competitive&season=4c4b8cff-43eb-13d3-8f14-96b783c90cd2,3,The Omen Protocol
234432137640673281,skylilyy,Skylily#wine,https://tracker.gg/valorant/profile/riot/skylily%23wine/performance?platform=pc&playlist=competitive,5,The Omen Protocol
992860222567747745,mayflower1324,Mayflower#1324,https://tracker.gg/valorant/profile/riot/2ff90848-c0b4-4be8-bff1-1cc09730cb65,0,Headshot Cartel
564825048888770595,quokank1,Pengu#NA01,https://tracker.gg/valorant/profile/riot/Pengu%23NA01,5,Headshot Cartel
655525815735287849,commi_killer,WiffMagnet#777,https://tracker.gg/valorant/profile/riot/841addbc-3727-4dc7-a62d-404c05c64623,1,Headshot Cartel
455872505492668430,.battlegnome,Punch Up#Punch,https://tracker.gg/valorant/profile/riot/Punch%20Up%23Punch/overview?platform=pc&playlist=competitive&season=4c4b8cff-43eb-13d3-8f14-96b783c90cd2,2,Headshot Cartel
395068928759693312,cthien,Cheezie#0402,https://tracker.gg/valorant/profile/riot/370a003c-5f4e-424c-8775-f61d3d9a942c,5,Headshot Cartel
542787294659215379,zyroni,Zyroni#based,https://tracker.gg/valorant/profile/riot/Zyroni%23Based/overview,5,Chumber Mains
897247927557316659,ispeakforthetr33s,i kiss b0ys#botom,https://tracker.gg/valorant/profile/riot/i%20kiss%20b0ys%23botom/overview?playlist=competitive&season=5adc33fa-4f30-2899-f131-6fba64c5dd3a,1,Chumber Mains
420719332478156811,chadmama,CatInABox#catt,https://tracker.gg/valorant/profile/riot/catinabox%23catt/overview?platform=pc&playlist=competitive&season=5adc33fa-4f30-2899-f131-6fba64c5dd3a,3,Chumber Mains
581648551973748766,bigsxyrvg,NaKo888RvG#NA2,https://tracker.gg/valorant/profile/riot/NaKo888RvG%23NA2/overview?platform=pc&playlist=competitive&season=5adc33fa-4f30-2899-f131-6fba64c5dd3a,4,Chumber Mains
587094564914069504,vessel,Vessellll#007,https://tracker.gg/valorant/profile/riot/Vessellll%23007/performance?platform=pc&playlist=competitive&season=4c4b8cff-43eb-13d3-8f14-96b783c90cd2,2,Chumber Mains
739946519469359125,cooltcm,cooltcm#tcm,https://tracker.gg/valorant/profile/riot/Cooltcm%23tcm/performance?platform=pc&playlist=competitive&season=4c4b8cff-43eb-13d3-8f14-96b783c90cd2,2,Team Snoopy
1423792389104996444,mae.baee,20221118#ily,https://tracker.gg/valorant/profile/riot/20221118%23ily/performance?platform=pc&playlist=competitive&season=4c4b8cff-43eb-13d3-8f14-96b783c90cd2,4,Team Snoopy
944111980338356256,pluto.gg,bbyplu#pluto,https://tracker.gg/valorant/profile/riot/bbyplu%23pluto/performance?platform=pc&playlist=competitive&season=4c4b8cff-43eb-13d3-8f14-96b783c90cd2,0,Team Snoopy
1361704017243275477,sixxoo,blkswn#0228,https://tracker.gg/valorant/profile/riot/blkswn%230228/overview?platform=pc&playlist=competitive&season=4c4b8cff-43eb-13d3-8f14-96b783c90cd2,5,Team Snoopy
1365712879231438898,ilomilod,louphoria#0228,https://tracker.gg/valorant/profile/riot/louphoria%230228/performance?platform=pc&playlist=competitive&season=4c4b8cff-43eb-13d3-8f14-96b783c90cd2,4,Team Snoopy
712459369979183114,your_local_asain_midget,YukiForce1#NA1,https://tracker.gg/valorant/profile/riot/YukiForce1%23NA1/performance?platform=pc&playlist=competitive&season=4c4b8cff-43eb-13d3-8f14-96b783c90cd2,2,Seattle Knights
533418988101959690,limit7078,Limit80#NA1,https://tracker.gg/valorant/profile/riot/Limit80%23NA1/performance?platform=pc&playlist=competitive&season=4c4b8cff-43eb-13d3-8f14-96b783c90cd2,3,Seattle Knights
307111940633788416,nickjunyor,El Psy Kongroo #Skuld,https://tracker.gg/valorant/profile/riot/El%20Psy%20Kongroo%23Skuld/overview?platform=pc&playlist=competitive&season=4c4b8cff-43eb-13d3-8f14-96b783c90cd2,4,Seattle Knights
285470922411081728,haylo995,HayLo995#Boss,https://tracker.gg/valorant/profile/riot/HayLo995%23Boss/performance?platform=pc&playlist=competitive&season=4c4b8cff-43eb-13d3-8f14-96b783c90cd2,0,Seattle Knights
102159225894998016,justcallmebot,Ophi#blind,https://tracker.gg/valorant/profile/riot/Ophi%23blind/performance?platform=pc&playlist=competitive&season=4c4b8cff-43eb-13d3-8f14-96b783c90cd2,6,Seattle Knights
411305130609344514,dipinchocolate,DipInChocolate#1007,https://tracker.gg/valorant/profile/riot/DipInChocolate%231007/performance?platform=pc&playlist=competitive&season=4c4b8cff-43eb-13d3-8f14-96b783c90cd2,5,The Vant1c Effect
297778111158943744,mighty_bug,MightyBug464#NA1,https://tracker.gg/valorant/profile/riot/MightyBug464%23NA1/performance?platform=pc&playlist=competitive&season=4c4b8cff-43eb-13d3-8f14-96b783c90cd2,2,The Vant1c Effect
581533085582229555,apmoberg,apmoberg#NA1,https://tracker.gg/valorant/profile/riot/apmoberg%23NA1/performance?platform=pc&playlist=competitive&season=4c4b8cff-43eb-13d3-8f14-96b783c90cd2,0,The Vant1c Effect
361978583075520512,jfkpeakedglaz21,Ignore#999,https://tracker.gg/valorant/profile/riot/Ignore%23999/performance?platform=pc&playlist=competitive&season=4c4b8cff-43eb-13d3-8f14-96b783c90cd2,1,The Vant1c Effect
762171625876488212,.avyy.,i play osu#1234,https://tracker.gg/valorant/profile/riot/i%20play%20osu%231234/performance?platform=pc&playlist=competitive&season=3ea2b318-423b-cf86-25da-7cbb0eefbe2d,5,The Vant1c Effect
735156547201794148,bransxn,solace#bran,https://tracker.gg/valorant/profile/riot/solace%23bran/performance?platform=pc&playlist=competitive&season=4c4b8cff-43eb-13d3-8f14-96b783c90cd2,3,shoelaces
472501978870841344,.senyen,Haerin#yen,https://tracker.gg/valorant/profile/riot/Haerin%23yen/performance?platform=pc&playlist=competitive&season=4c4b8cff-43eb-13d3-8f14-96b783c90cd2,3,shoelaces
711711827628785784,rubby3352,reggie#8541,https://tracker.gg/valorant/profile/riot/reggie%238541/performance?platform=pc&playlist=competitive&season=4c4b8cff-43eb-13d3-8f14-96b783c90cd2,5,shoelaces
705175185992450211,peesippa,xia#fart,https://tracker.gg/valorant/profile/riot/xia%23fart/performance?platform=pc&playlist=competitive&season=4c4b8cff-43eb-13d3-8f14-96b783c90cd2,2,
1018365399898791976,jul.i.ane,JovesRedRuby#BRUH,https://tracker.gg/valorant/profile/riot/JovesRedRuby%23BRUH/performance?platform=pc&playlist=competitive&season=4c4b8cff-43eb-13d3-8f14-96b783c90cd2,2,shoelaces
1005443691852349440,ladybug_glhf ,ladybug#glhf ,https://tracker.gg/valorant/profile/riot/ladybug%23glhf/performance?platform=pc&playlist=competitive&season=aef237a0-494d-3a14-a1c8-ec8de84e309c,0,Total Bad Asses
216328075674255360,ninetailedcocks,pack it up#wraps,https://tracker.gg/valorant/profile/riot/pack%20it%20up%23wraps/performance?platform=pc&playlist=competitive&season=5adc33fa-4f30-2899-f131-6fba64c5dd3a,5,Total Bad Asses
1347706525816459306,coax24.,Coax#4315,https://tracker.gg/valorant/profile/riot/Coax%234315/performance?platform=pc&playlist=competitive&season=4c4b8cff-43eb-13d3-8f14-96b783c90cd2,5,Total Bad Asses
917241525191213116,morc.a,Orsone#NA1,https://tracker.gg/valorant/profile/riot/Orsone%23NA1/performance?platform=pc&playlist=competitive&season=4c4b8cff-43eb-13d3-8f14-96b783c90cd2,4,Total Bad Asses
804160001017905192,colourized.,sprinkle cake#yum,https://tracker.gg/valorant/profile/riot/sprinkle%20cake%23yum/performance?platform=pc&playlist=competitive&season=4c4b8cff-43eb-13d3-8f14-96b783c90cd2,1,Total Bad Asses
318824795699675139,wanderboi.,Wander#Mhm,https://tracker.gg/valorant/profile/riot/Wander%23Mhm/performance?platform=pc&playlist=competitive&season=4c4b8cff-43eb-13d3-8f14-96b783c90cd2,1,Great Uncs
829354688171606028,mkn_pancakes,mugi#her,https://tracker.gg/valorant/profile/riot/mugi%23her/performance?platform=pc&playlist=competitive&season=4c4b8cff-43eb-13d3-8f14-96b783c90cd2,5,Great Uncs
620766305049378841,breezvy,Uncle Bill#unc,https://tracker.gg/valorant/profile/riot/Uncle%20Bill%23unc/performance?platform=pc&playlist=competitive&season=4c4b8cff-43eb-13d3-8f14-96b783c90cd2,6,Great Uncs
819141854477418506,therealzetta,Xerneas#VGC,https://tracker.gg/valorant/profile/riot/Xerneas%23VGC/performance?platform=pc&playlist=competitive&season=4c4b8cff-43eb-13d3-8f14-96b783c90cd2,3,
694365078966894592,_smither,FemBob#6769,https://tracker.gg/valorant/profile/riot/FemBob%236769/overview?platform=pc&playlist=competitive&season=4c4b8cff-43eb-13d3-8f14-96b783c90cd2,0,Great Uncs
222759880203698178,aimbotalex.,aimbotalex#5171,https://tracker.gg/valorant/profile/riot/aimbotalex%235171/performance?platform=pc&playlist=competitive&season=4c4b8cff-43eb-13d3-8f14-96b783c90cd2,4,Whiff City
175039086078328832,itsalphonse,ChocolateMilk#Bars,https://tracker.gg/valorant/profile/riot/ChocolateMilk%23bars/performance?platform=pc&playlist=competitive&season=4c4b8cff-43eb-13d3-8f14-96b783c90cd2,1,Whiff City
890803659494019132,pizzawaffle,Asao#Asuna,https://tracker.gg/valorant/profile/riot/Asao%23Asuna/performance?platform=pc&playlist=competitive&season=4c4b8cff-43eb-13d3-8f14-96b783c90cd2,3,Whiff City
752336415060262992,jomm9_,SillyKitty71#Pinoy,https://tracker.gg/valorant/profile/riot/Sillykitty71%23pinoy/performance?platform=pc&playlist=competitive&season=4c4b8cff-43eb-13d3-8f14-96b783c90cd2,4,Whiff City
702982691095576696,.crowpool,petite eboy#pthtc,https://tracker.gg/valorant/profile/riot/petite%20eboy%23pthtc/performance?platform=pc&playlist=competitive&season=4c4b8cff-43eb-13d3-8f14-96b783c90cd2,3,Whiff City
622230701026312212,orangereptile,Garfield#910,https://tracker.gg/valorant/profile/riot/Garfield%23910/performance?platform=pc&playlist=competitive&season=4c4b8cff-43eb-13d3-8f14-96b783c90cd2,0,GIN AND TOXIC
191020423360675840,dbasian,Briiban#birb,https://tracker.gg/valorant/profile/riot/Briiban%23birb/performance?platform=pc&playlist=competitive&season=4c4b8cff-43eb-13d3-8f14-96b783c90cd2,2,GIN AND TOXIC
226749649153687552,kiw1ki,kiwi#melon,https://tracker.gg/valorant/profile/riot/kiwi%23melon/performance?platform=pc&playlist=competitive&season=4c4b8cff-43eb-13d3-8f14-96b783c90cd2,3,GIN AND TOXIC
113765723695874050,asianganggaming,Pho Dac BietΨ#6969,https://tracker.gg/valorant/profile/riot/Pho%20Dac%20Biet%CE%A8%236969/performance?platform=pc&playlist=competitive&season=4c4b8cff-43eb-13d3-8f14-96b783c90cd2,5,GIN AND TOXIC
486255134016405514,myhowto,myhowto#1234,https://tracker.gg/valorant/profile/riot/myhowto%231234/performance?platform=pc&playlist=competitive&season=4c4b8cff-43eb-13d3-8f14-96b783c90cd2,5,GIN AND TOXIC
1100073481045033074,scar6859,Scar#68692,https://tracker.gg/valorant/profile/riot/scar%2368692/overview?platform=pc&playlist=competitive&season=4c4b8cff-43eb-13d3-8f14-96b783c90cd2,1,Genius Evils
338492008635039744,1bear1,bear#nrg,https://tracker.gg/valorant/profile/riot/bear%23nrg/performance?platform=pc&playlist=competitive&season=4c4b8cff-43eb-13d3-8f14-96b783c90cd2,5,Genius Evils
750433049597968455,valkfps_,Valk#aimNA,https://tracker.gg/valorant/profile/riot/Valk%23aimNA/overview?playlist=competitive&season=4c4b8cff-43eb-13d3-8f14-96b783c90cd2&platform=pc,6,Genius Evils
696857832322236477,klyoko,oKamura#XIC,https://tracker.gg/valorant/profile/riot/oKamura%23XIC/overview?platform=pc&playlist=unrated&season=4c4b8cff-43eb-13d3-8f14-96b783c90cd2,2,Genius Evils
220026974679072768,tbs_troll,TbS Tro11#NA1,https://tracker.gg/valorant/profile/riot/TbS%20Tro11%23NA1/overview?platform=pc&playlist=competitive&season=4c4b8cff-43eb-13d3-8f14-96b783c90cd2,1,Genius Evils
757412157972414511,cade0525,CartFein#2916,https://tracker.gg/valorant/profile/riot/CartFein%232916/performance?platform=pc&playlist=competitive&season=4c4b8cff-43eb-13d3-8f14-96b783c90cd2,1,The Fearmongers
1440543393871691818,maxeanthek1ng,maceantheking#404,https://tracker.gg/valorant/profile/riot/maceantheking%23404/performance?platform=pc&playlist=competitive&season=4c4b8cff-43eb-13d3-8f14-96b783c90cd2,3,
546504838993674241,selkcipp,selkcipp#ttv,https://tracker.gg/valorant/profile/riot/selkcipp%23ttv/performance?platform=pc&playlist=competitive&season=4c4b8cff-43eb-13d3-8f14-96b783c90cd2,5,The Fearmongers
662030230818652214,asapv1ce,beyondbirthday#kira,https://tracker.gg/valorant/profile/riot/beyondbirthday%23kira/performance?platform=pc&playlist=competitive&season=4c4b8cff-43eb-13d3-8f14-96b783c90cd2,5,The Fearmongers
487813834455646229,wafflewacker,WaffleWacker#6953,https://tracker.gg/valorant/profile/riot/WaffleWacker%236953/performance?platform=pc&playlist=competitive&season=4c4b8cff-43eb-13d3-8f14-96b783c90cd2,0,The Fearmongers
176858431758663680,drakken_,Drakken#miro,https://tracker.gg/valorant/profile/riot/Drakken%23Miro/performance?platform=pc&playlist=competitive&season=4c4b8cff-43eb-13d3-8f14-96b783c90cd2,4,Lime Green Kia Soul
923257036559515698,s0ckfps,s0ck#yap,https://tracker.gg/valorant/profile/riot/s0ck%23yap/performance?platform=pc&playlist=competitive&season=4c4b8cff-43eb-13d3-8f14-96b783c90cd2,6,Lime Green Kia Soul
373698883290923008,jonuchappy,jonuchappy#bappy,https://tracker.gg/valorant/profile/riot/jonuchappy%23bappy/performance?platform=pc&playlist=competitive&season=4c4b8cff-43eb-13d3-8f14-96b783c90cd2,4,Lime Green Kia Soul
215921723684421642,mikkitw,MikkitW#ttv,https://tracker.gg/valorant/profile/riot/MikkitW%23ttv/performance?platform=pc&playlist=competitive&season=4c4b8cff-43eb-13d3-8f14-96b783c90cd2,1,Lime Green Kia Soul
561336342471114772,julezzz06,Julezzz06#6708,https://tracker.gg/valorant/profile/riot/Julezzz06%236708/performance?platform=pc&playlist=competitive&season=4c4b8cff-43eb-13d3-8f14-96b783c90cd2,0,Lime Green Kia Soul
437472868247273484,impod,alchemist#yae,https://tracker.gg/valorant/profile/riot/alchemist%23yae/performance?platform=pc&playlist=competitive&season=4c4b8cff-43eb-13d3-8f14-96b783c90cd2,4,Gooner Academy
806615632136503387,szos4n,Teto#szo,https://tracker.gg/valorant/profile/riot/Teto%23szo/performance?platform=pc&playlist=competitive&season=4c4b8cff-43eb-13d3-8f14-96b783c90cd2,6,Gooner Academy
851300655351070741,iceboats,Miku#Big B,https://tracker.gg/valorant/profile/riot/Miku%23Big%20B/performance?platform=pc&playlist=competitive&season=4c4b8cff-43eb-13d3-8f14-96b783c90cd2,5,Gooner Academy
504146125096353793,alwaysyourfault,heeheehaaxd#hehe,https://tracker.gg/valorant/profile/riot/heeheehaaxd%23hehe/performance?platform=pc&playlist=competitive&season=4c4b8cff-43eb-13d3-8f14-96b783c90cd2,0,Gooner Academy
1170538585166991424,ilovecats7_,facade#1030,https://tracker.gg/valorant/profile/riot/facade%231030/performance?platform=pc&playlist=competitive&season=4c4b8cff-43eb-13d3-8f14-96b783c90cd2,0,Gooner Academy
718275415243882558,beesmii,Beesmii#mwah,https://tracker.gg/valorant/profile/riot/Beesmii%23mwah/performance?platform=pc&playlist=competitive&season=4c4b8cff-43eb-13d3-8f14-96b783c90cd2,2,RISE Dusk
808094864620650536,sirsqu1d,Squ1d#flv,https://tracker.gg/valorant/profile/riot/Squ1d%23flv/performance?platform=pc&playlist=competitive&season=4c4b8cff-43eb-13d3-8f14-96b783c90cd2,5,RISE Dusk
360942205147283465,lazarus5300,Lazarus#urbad,https://tracker.gg/valorant/profile/riot/Lazarus%23urbad/performance?platform=pc&playlist=competitive&season=4c4b8cff-43eb-13d3-8f14-96b783c90cd2,4,RISE Dusk
360988671480168448,zynder16,ZANGESTU#ROIT,https://tracker.gg/valorant/profile/riot/ZANGETSU%23ROIT/performance?platform=pc&playlist=competitive&season=4c4b8cff-43eb-13d3-8f14-96b783c90cd2,2,RISE Dusk
1056672826104488027,pinkublink,Ken Gyo#BLINK,https://tracker.gg/valorant/profile/riot/Ken%20Gyo%23BLINK/performance?platform=pc&playlist=competitive&season=4c4b8cff-43eb-13d3-8f14-96b783c90cd2,1,RISE Dusk
464913848239915008,kai.5784,koi#mnch,https://tracker.gg/valorant/profile/riot/koi%23mnch/performance?platform=pc&playlist=competitive,4,mizore and his baby daddies
786682506446635019,yoursretro,akashi#ezwin,https://tracker.gg/valorant/profile/riot/akashi%23ezwin/performance?platform=pc&playlist=competitive&season=4c4b8cff-43eb-13d3-8f14-96b783c90cd2,2,mizore and his baby daddies
1009234664935915621,xpsyqe,pookiegaming64#pook,https://tracker.gg/valorant/profile/riot/pookiegaming64%23pook/performance?platform=pc&playlist=competitive&season=4c4b8cff-43eb-13d3-8f14-96b783c90cd2,2,mizore and his baby daddies
189756992493977600,steaksandwhich,M0RA#LEDA,https://tracker.gg/valorant/profile/riot/M0RA%23LEDA/performance?platform=pc&playlist=competitive&season=4c4b8cff-43eb-13d3-8f14-96b783c90cd2,5,mizore and his baby daddies
1036270197952229417,astrillik,mizore#yuri,https://tracker.gg/valorant/profile/riot/mizore%23yuri/performance?platform=pc&playlist=competitive&season=4c4b8cff-43eb-13d3-8f14-96b783c90cd2,2,mizore and his baby daddies
551501666890022913,riot_nt09,NickJunyorJr#1417,https://tracker.gg/valorant/profile/riot/NickJunyorJr%231417/performance?platform=pc&playlist=competitive&season=4c4b8cff-43eb-13d3-8f14-96b783c90cd2,1,Brawl Pandas
208316214030630913,firevenom,Lost From Light#Asuna,https://tracker.gg/valorant/profile/riot/Lost%20From%20Light%23Asuna/performance?platform=pc&playlist=competitive&season=4c4b8cff-43eb-13d3-8f14-96b783c90cd2,6,Brawl Pandas
527569580776751114,kroppii,S1n#619,https://tracker.gg/valorant/profile/riot/s1n%23619/performance?platform=pc&playlist=competitive&season=4c4b8cff-43eb-13d3-8f14-96b783c90cd2,6,Brawl Pandas
913198727131459634,prachan,Erischan#777,https://tracker.gg/valorant/profile/riot/Erischan%23777/performance?platform=pc&playlist=competitive&season=4c4b8cff-43eb-13d3-8f14-96b783c90cd2,0,Brawl Pandas
436156027503771659,tempoe,Jolteon#Tempo,https://tracker.gg/valorant/profile/riot/Jolteon%23Tempo/performance?platform=pc&playlist=competitive&season=4c4b8cff-43eb-13d3-8f14-96b783c90cd2,1,Brawl Pandas
709133023836110931,pandasdabby,我想抱抱熊猫pandasdab#wlw,https://tracker.gg/valorant/profile/riot/%E6%88%91%E6%83%B3%E6%8A%B1%E6%8A%B1%E7%86%8A%E7%8C%ABpandasdab%23wlw/performance?platform=pc&playlist=competitive&season=4c4b8cff-43eb-13d3-8f14-96b783c90cd2,4,Frogs
842918861224935455,robdillinghamlover,labubuclairo#macha,https://tracker.gg/valorant/profile/riot/labubuclairo%23macha/performance?platform=pc&playlist=competitive&season=4c4b8cff-43eb-13d3-8f14-96b783c90cd2,2,Frogs
1149791254536785961,xiao_1776,xiao#1776,https://tracker.gg/valorant/profile/riot/xiao%231776/performance?platform=pc&playlist=competitive&season=4c4b8cff-43eb-13d3-8f14-96b783c90cd2,1,Frogs
908218831569309716,venustraphobic,starshine#cruz,https://tracker.gg/valorant/profile/riot/starshine%23cruz/performance?platform=pc&playlist=competitive&season=4c4b8cff-43eb-13d3-8f14-96b783c90cd2,5,Frogs
402279320699011082,minik4i,MiniKai#AZN,https://tracker.gg/valorant/profile/riot/MiniKai%23AZN/performance?platform=pc&playlist=competitive&season=4c4b8cff-43eb-13d3-8f14-96b783c90cd2,3,Frogs
371076310963060738,clawsator,CLAWS#ATOR,https://tracker.gg/valorant/profile/riot/CLAWS%23ATOR/performance?platform=pc&playlist=competitive&season=4c4b8cff-43eb-13d3-8f14-96b783c90cd2,5,ATOR Black
377084401672126474,pender,pender#btm,https://tracker.gg/valorant/profile/riot/pender%23btm/performance?platform=pc&playlist=competitive&season=4c4b8cff-43eb-13d3-8f14-96b783c90cd2,5,ATOR Black
148649685853143040,jawator,怖いサメ#ATOR,https://tracker.gg/valorant/profile/riot/%E6%80%96%E3%81%84%E3%82%B5%E3%83%A1%23ATOR/performance?platform=pc&playlist=competitive&season=4c4b8cff-43eb-13d3-8f14-96b783c90cd2,5,ATOR Black
439196761886556161,mention,RipWideJoy#sleep,https://tracker.gg/valorant/profile/riot/RipWideJoy%23sleep/performance?platform=pc&playlist=competitive&season=4c4b8cff-43eb-13d3-8f14-96b783c90cd2,0,ATOR Black
308789272893325314,enyarjaja,ikeabear#SKOG,https://tracker.gg/valorant/profile/riot/ikeabear%23SKOG/performance?platform=pc&playlist=competitive&season=4c4b8cff-43eb-13d3-8f14-96b783c90cd2,0,ATOR Black
452609638136020992,kusxnagi,Kusx#HIM,https://tracker.gg/valorant/profile/riot/Kusx%23HIM/performance?platform=pc&playlist=competitive&season=4c4b8cff-43eb-13d3-8f14-96b783c90cd2,6,Solar Reign
544688449672708138,hero.idk,ゆ あ#rei,https://tracker.gg/valorant/profile/riot/%E3%82%86%20%E3%81%82%23rei/performance?platform=pc&playlist=competitive&season=4c4b8cff-43eb-13d3-8f14-96b783c90cd2,2,Solar Reign
1236477485433094308,jun_vlr,KooZera#SSIP,https://tracker.gg/valorant/profile/riot/KooZera%23SSIP/performance?platform=pc&playlist=competitive&season=4c4b8cff-43eb-13d3-8f14-96b783c90cd2,6,Solar Reign
738415567106736199,jjcantdothisanymore,20pcMcNugget#629,https://tracker.gg/valorant/profile/riot/20pcMcNugget%23629/performance?platform=pc&playlist=competitive&season=4c4b8cff-43eb-13d3-8f14-96b783c90cd2,0,Solar Reign
1419878361001361470,greenrasins,Rain#lucid,https://tracker.gg/valorant/profile/riot/Rain%23lucid/performance?platform=pc&playlist=competitive&season=4c4b8cff-43eb-13d3-8f14-96b783c90cd2,1,Solar Reign
664687617098514463,fsjose,HoeZay#Tubby,https://tracker.gg/valorant/profile/riot/HoeZay%23Tubby/performance?platform=pc&playlist=competitive&season=4c4b8cff-43eb-13d3-8f14-96b783c90cd2,5,One Designated Driver
661713255206617089,_e_c_o_,jamji#wee,https://tracker.gg/valorant/profile/riot/jamji%23wee/performance?platform=pc&playlist=competitive&season=4c4b8cff-43eb-13d3-8f14-96b783c90cd2,6,One Designated Driver
580962324492451840,hamidr9,hamon#2394,https://tracker.gg/valorant/profile/riot/hamon%232394/performance?platform=pc&playlist=competitive&season=4c4b8cff-43eb-13d3-8f14-96b783c90cd2,0,One Designated Driver
1426792868076453978,ilovecattz1_49785,haunt#1212,https://tracker.gg/valorant/profile/riot/haunt%231212/performance?platform=pc&playlist=competitive&season=4c4b8cff-43eb-13d3-8f14-96b783c90cd2,1,One Designated Driver
508798732909936670,yourantidepressant_,i fill#loser,https://tracker.gg/valorant/profile/riot/i%20fill%23loser/performance?platform=pc&playlist=competitive&season=4c4b8cff-43eb-13d3-8f14-96b783c90cd2,3,One Designated Driver
424313091329622027,eggsdies,sweddie#MSS,https://tracker.gg/valorant/profile/riot/sweddie%23MSS/performance?platform=pc&playlist=competitive,6,ATOR White
579682468429299733,ariso_,ariso#0202,https://tracker.gg/valorant/profile/riot/ariso%230202/performance?platform=pc&playlist=competitive,5,ATOR White
1112104864743440424,pastvayne,pastvayne#vayne,https://tracker.gg/valorant/profile/riot/pastvayne%23vayne/performance?platform=pc&playlist=competitive&season=4c4b8cff-43eb-13d3-8f14-96b783c90cd2,1,ATOR White
299242305229946881,acepilot147,acepilot147#3719,https://tracker.gg/valorant/profile/riot/acepilot147%233719/performance?platform=pc&playlist=competitive&season=4c4b8cff-43eb-13d3-8f14-96b783c90cd2,0,ATOR White
321821042194513920,mrrainbow56,mrrainbow56#nice,https://tracker.gg/valorant/profile/riot/mrrainbow56%23nice/performance?platform=pc&playlist=competitive&season=4c4b8cff-43eb-13d3-8f14-96b783c90cd2,1,ATOR White
323763965870080000,capitulation,Capitulation#Tubby,https://tracker.gg/valorant/profile/riot/Capitulation%23Tubby/performance?platform=pc&playlist=competitive&season=4c4b8cff-43eb-13d3-8f14-96b783c90cd2,3,Lineup Larries
786425929291399198,chisooo,chiso#uwu,https://tracker.gg/valorant/profile/riot/chiso%23uwu/performance?platform=pc&playlist=competitive&season=4c4b8cff-43eb-13d3-8f14-96b783c90cd2,5,Lineup Larries
479725000333459456,bjyornk,OldAsianGrandpa#ASIAN,https://tracker.gg/valorant/profile/riot/OldAsianGrandpa%23ASIAN/performance?platform=pc&playlist=competitive&season=4c4b8cff-43eb-13d3-8f14-96b783c90cd2,4,Lineup Larries
116697792818184192,maiadorable,Whelmed#UwU,https://tracker.gg/valorant/profile/riot/Whelmed%23UwU/performance?platform=pc&playlist=competitive&season=4c4b8cff-43eb-13d3-8f14-96b783c90cd2,2,Lineup Larries
248786790423461888,chewang,Chewang#MATT,https://tracker.gg/valorant/profile/riot/Chewang%23MATT/performance?platform=pc&playlist=competitive&season=4c4b8cff-43eb-13d3-8f14-96b783c90cd2,1,Lineup Larries
468200144513269761,cruising.,Awezs#ttv,https://tracker.gg/valorant/profile/riot/Awezs%23ttv/overview?platform=pc&playlist=competitive&season=4c4b8cff-43eb-13d3-8f14-96b783c90cd2,3,RISING GHOULS
596035727234564142,damonky6197,drgn#0000,https://tracker.gg/valorant/profile/riot/DRGN%230000/overview?platform=pc&playlist=competitive&season=4c4b8cff-43eb-13d3-8f14-96b783c90cd2,4,RISING GHOULS
1050915351250088056,osumari,osumari#1of1,https://tracker.gg/valorant/profile/riot/osumari%231of1/overview?platform=pc&playlist=competitive&season=3ea2b318-423b-cf86-25da-7cbb0eefbe2d,3,RISING GHOULS
772228590535966742,pace1404,Yor#2520,https://tracker.gg/valorant/profile/riot/Yor%232520/overview?platform=pc&playlist=competitive&season=4c4b8cff-43eb-13d3-8f14-96b783c90cd2,3,RISING GHOULS
795420575886606356,chickin890,FLUX#Zoom,https://tracker.gg/valorant/profile/riot/FLUX%23Zoom/overview?platform=pc&playlist=competitive&season=4c4b8cff-43eb-13d3-8f14-96b783c90cd2,0,RISING GHOULS
282624809718775810,dumbbacon,dumbbacon#bac0n,https://tracker.gg/valorant/profile/riot/dumbbacon%23bac0n/performance?platform=pc&playlist=competitive&season=4c4b8cff-43eb-13d3-8f14-96b783c90cd2,1,Looking For Time
302585420313526283,kitsunekazumai,KitsuneKazumai#kitsu,https://tracker.gg/valorant/profile/riot/KitsuneKazumai%23kitsu/performance?platform=pc&playlist=competitive&season=4c4b8cff-43eb-13d3-8f14-96b783c90cd2,3,Looking For Time
909812365623697489,vdup,julie#aim,https://tracker.gg/valorant/profile/riot/clementine%23bitte/performance?platform=pc&playlist=competitive&season=4c4b8cff-43eb-13d3-8f14-96b783c90cd2,4,Looking For Time
487023110944718848,.sprees,Ping#China,https://tracker.gg/valorant/profile/riot/Ping%23China/performance?platform=pc&playlist=competitive&season=4c4b8cff-43eb-13d3-8f14-96b783c90cd2,4,Looking For Time
1017962655736156210,blackpheneix,Enuxio#789,https://tracker.gg/valorant/profile/riot/Enuxio%23789/performance?platform=pc&playlist=competitive,1,Looking For Time
703402094966865941,lkwamazing9,lkwamazing9#tft,https://tracker.gg/valorant/profile/riot/Lkwamazing9%23TFT/overview?platform=pc&playlist=competitive&season=4c4b8cff-43eb-13d3-8f14-96b783c90cd2,2,10 thieves
268104112598417408,penguinz,Penguin#P0LAR,https://tracker.gg/valorant/profile/riot/Penguin%23P0LAR/performance?platform=pc&playlist=competitive&season=5adc33fa-4f30-2899-f131-6fba64c5dd3a,3,10 thieves
483660749676216325,ansussy,ansussy#sus,https://tracker.gg/valorant/profile/riot/ansussy%23sus/performance?platform=pc&playlist=competitive&season=5adc33fa-4f30-2899-f131-6fba64c5dd3a,5,10 thieves
709855262072242206,mysticz,MysticZ#000,https://tracker.gg/valorant/profile/riot/MysticZ%23000/performance?platform=pc&playlist=competitive&season=4c4b8cff-43eb-13d3-8f14-96b783c90cd2,0,10 thieves
462764020672364554,thesopsupplier,TheSopSupplier#7130,https://tracker.gg/valorant/profile/riot/TheSopSupplier%237130/overview?platform=pc&playlist=competitive&season=4c4b8cff-43eb-13d3-8f14-96b783c90cd2,5,10 thieves
475763775140659211,kuuderech3rryz,teto#zero4,https://tracker.gg/valorant/profile/riot/teto%23zero4/performance?platform=pc&playlist=competitive&season=4c4b8cff-43eb-13d3-8f14-96b783c90cd2,3,No Mod 1
905141890612076544,sipalitor,miku#zero1,https://tracker.gg/valorant/profile/riot/miku%23zero1/performance?platform=pc&playlist=competitive&season=4c4b8cff-43eb-13d3-8f14-96b783c90cd2,2,No Mod 1
707408987884224573,766284_.,Chimkem#Whyyy,https://tracker.gg/valorant/profile/riot/Chimkem%23Whyyy/performance?platform=pc&playlist=competitive&season=4c4b8cff-43eb-13d3-8f14-96b783c90cd2,3,No Mod 1
707026773145157711,relatior,relatior#4372,tracker.gg/valorant/profile/riot/relatior%234372/performance?platform=pc&playlist=competitive&season=4c4b8cff-43eb-13d3-8f14-96b783c90cd2,2,No Mod 1
878396555080650762,wahakamaba,suteanos#MIH,https://tracker.gg/valorant/profile/riot/suteanos%23MIH/performance?platform=pc&playlist=competitive&season=4c4b8cff-43eb-13d3-8f14-96b783c90cd2,4,No Mod 1
698437817906364487,dwt507,Gibby#0123,https://tracker.gg/valorant/profile/riot/Gibby%230123/performance?platform=pc&playlist=competitive&season=4c4b8cff-43eb-13d3-8f14-96b783c90cd2,4,Gibby's Gooners
727378403870638100,cx297,Vortex297#7772,https://tracker.gg/valorant/profile/riot/Vortex297%237772/performance?platform=pc&playlist=competitive&season=4c4b8cff-43eb-13d3-8f14-96b783c90cd2,2,Gibby's Gooners
471746261901508608,fr_eli,deeno#WMG6,https://tracker.gg/valorant/profile/riot/deeno%23WMG6/performance?platform=pc&playlist=competitive&season=4c4b8cff-43eb-13d3-8f14-96b783c90cd2,2,Gibby's Gooners
300015686246334468,epicfails21,S13#2322,https://tracker.gg/valorant/profile/riot/S13%232322/performance?platform=pc&playlist=competitive&season=4c4b8cff-43eb-13d3-8f14-96b783c90cd2,1,Gibby's Gooners
191437884899852289,nabber.,Nabber#liz,https://tracker.gg/valorant/profile/riot/Nabber%23liz/performance?platform=pc&playlist=competitive&season=4c4b8cff-43eb-13d3-8f14-96b783c90cd2,6,Gibby's Gooners
780314416231088158,mikyiis,Mikyiis#MKY,https://tracker.gg/valorant/profile/riot/Mikyiis%23MKY/overview?platform=pc&playlist=competitive&season=4c4b8cff-43eb-13d3-8f14-96b783c90cd2,2,Proximity Esports
854851299941154827,patchesafk,PatchesAFK#IWNL,https://tracker.gg/valorant/profile/riot/PatchesAFK%23IWNL/overview?platform=pc&playlist=competitive&season=4c4b8cff-43eb-13d3-8f14-96b783c90cd2,2,Proximity Esports
888790065667538954,friedpop.,popp#tarts,https://tracker.gg/valorant/profile/riot/Popp%23tarts/overview?playlist=premier&platform=pc&season=4c4b8cff-43eb-13d3-8f14-96b783c90cd2,3,Proximity Esports
111630347548041216,vaibhav,Vaibhav#IL Re,https://tracker.gg/valorant/profile/riot/Vaibhav%23IL%20Re/overview?platform=pc&playlist=competitive&season=4c4b8cff-43eb-13d3-8f14-96b783c90cd2,2,Proximity Esports
1295759011747991689,yuzik111,ELCTN soyorin#ZXNNJ,https://tracker.gg/valorant/profile/riot/ELCTN%20soyorin%23ZXNNJ/overview?platform=pc&playlist=competitive&season=4c4b8cff-43eb-13d3-8f14-96b783c90cd2,3,Proximity Esports
1276640399980494918,chief_queef___10708,The mango#r2d2,https://tracker.gg/valorant/profile/riot/The%20mango%23R2D2/performance?platform=pc&playlist=competitive&season=4c4b8cff-43eb-13d3-8f14-96b783c90cd2,4,Misfits
813436735182078012,vlooshies,Vlooshies#2138,https://tracker.gg/valorant/profile/riot/vlooshies%232138/performance?platform=pc&playlist=competitive&season=4c4b8cff-43eb-13d3-8f14-96b783c90cd2,3,Misfits
985568577572716574,coolerchill,Coolerchill#chill,https://tracker.gg/valorant/profile/riot/Coolerchill%23cool/performance?platform=pc&playlist=competitive&season=4c4b8cff-43eb-13d3-8f14-96b783c90cd2,1,Misfits
921945792082743317,sussybro,Solace#here,https://tracker.gg/valorant/profile/riot/Solace%23here/performance?platform=pc&playlist=competitive&season=4c4b8cff-43eb-13d3-8f14-96b783c90cd2,3,Misfits
910289759966990337,imhiru9702,Hiru#おばけ,https://tracker.gg/valorant/profile/riot/Hiru%23%E3%81%8A%E3%81%B0%E3%81%91/performance?playlist=competitive&platform=pc,4,Misfits
711754060302123079,pigeonwithsniper,Pigeonwithsniper#IRON1,https://tracker.gg/valorant/profile/riot/Pigeonwithsniper%23IRON1/performance?platform=pc&playlist=competitive&season=4c4b8cff-43eb-13d3-8f14-96b783c90cd2,0,THE FLAWK
1223886384608051200,uh.oh.spaghettio_75725,cultr1de#zen,https://tracker.gg/valorant/profile/riot/cultr1de%23zen/performance?platform=pc&playlist=competitive&season=4c4b8cff-43eb-13d3-8f14-96b783c90cd2,1,THE FLAWK
289867211252695041,syno_ow,Syno#eevee,https://tracker.gg/valorant/profile/riot/Syno%23eevee/overview?platform=pc&playlist=competitive&season=4c4b8cff-43eb-13d3-8f14-96b783c90cd2,4,THE FLAWK
668030246942933022,nick305x,Moss#nick,https://tracker.gg/valorant/profile/riot/Moss%23nick/performance?platform=pc&playlist=competitive&season=4c4b8cff-43eb-13d3-8f14-96b783c90cd2,4,THE FLAWK
341046353977147392,icyhotloser,Shoto#IcyHo,https://tracker.gg/valorant/profile/riot/Shoto%23IcyHo/performance?platform=pc&playlist=competitive&season=4c4b8cff-43eb-13d3-8f14-96b783c90cd2,3,THE FLAWK
670074989063438336,k1ng_razorr,envy#S2000,https://tracker.gg/valorant/profile/riot/envy%23S2000/overview?playlist=premier&platform=pc,4,Team Avatar
728907734803808306,milan1738,aang#I738,https://tracker.gg/valorant/profile/riot/aang%23I738/overview?playlist=premier&platform=pc,1,Team Avatar
992180488276033538,gaming_asian,zuko#Asian,https://tracker.gg/valorant/profile/riot/zuko%23Asian/overview?playlist=premier&platform=pc,3,Team Avatar
934991152975863848,map_122,sokka#Asian,https://tracker.gg/valorant/profile/riot/sokka%23Asian/overview?playlist=premier&platform=pc,3,Team Avatar
1073401054974185593,_sirsai,saiki k#caffe,https://tracker.gg/valorant/profile/riot/saiki%20k%23caffe/overview?playlist=competitive&platform=pc&season=4c4b8cff-43eb-13d3-8f14-96b783c90cd2,3,Team Avatar
676487579176140855,psi_pkchu,Pkchu#7965,https://tracker.gg/valorant/profile/riot/pkchu%237965/performance?platform=pc&playlist=competitive&season=4c4b8cff-43eb-13d3-8f14-96b783c90cd2,3,NEW GENS 2.0
932407456573845504,muddicksizgud,friskymango24#simga,https://tracker.gg/valorant/profile/riot/friskymango24%23simga/performance?playlist=competitive,4,NEW GENS 2.0
1056802512067375134,zratio,zяatio#1001,https://tracker.gg/valorant/profile/riot/z%D1%8Fatio%231001/performance?platform=pc&playlist=competitive,3,NEW GENS 2.0
1118104856683630674,hjkikimorx2,donny#dal,https://tracker.gg/valorant/profile/riot/donny%23dal/performance?platform=pc&playlist=competitive&season=4c4b8cff-43eb-13d3-8f14-96b783c90cd2,2,NEW GENS 2.0
538863075244376069,shadeisnthere,Shade#Six9,https://tracker.gg/valorant/profile/riot/Shade%23Six9/performance?platform=pc&playlist=competitive&season=aef237a0-494d-3a14-a1c8-ec8de84e309c,2,NEW GENS 2.0
917574540484304927,solarsour,gonggi#stone,https://tracker.gg/valorant/profile/riot/gonggi%23stone/overview?platform=pc&playlist=competitive&season=4c4b8cff-43eb-13d3-8f14-96b783c90cd2,3,Nomads
712852020528152617,dangtan14,Facade#Beep,https://tracker.gg/valorant/profile/riot/Facade%23Beep/overview,1,Nomads
1133217129697648720,junkim7,KIMCHI67676#77777,https://tracker.gg/valorant/profile/riot/KIMCHI67676%2377777/performance?platform=pc&playlist=competitive&season=3ea2b318-423b-cf86-25da-7cbb0eefbe2d,4,Nomads
759581100883705888,zyph_is_dumb,NRG Baitr#zyph,https://tracker.gg/valorant/profile/riot/NRG%20Baitr%23zyph/overview?platform=pc&playlist=competitive&season=4c4b8cff-43eb-13d3-8f14-96b783c90cd2,1,Nomads
381854546705645578,mittzyyy,Mittzyyyy#7863,https://tracker.gg/valorant/profile/riot/Mittzyyyy%237863/performance?platform=pc&playlist=competitive&season=4c4b8cff-43eb-13d3-8f14-96b783c90cd2,5,Nomads
628730112614858764,joemonkey.,Outplayed#Run,https://tracker.gg/valorant/profile/riot/Outplayed%23Run/performance?platform=pc&playlist=competitive&season=4c4b8cff-43eb-13d3-8f14-96b783c90cd2,2,Ayrox Esports
992233222186479662,cyteri,Cyteri#P1QNK,https://tracker.gg/valorant/profile/riot/Cyteri%23P1QNK/performance?platform=pc&playlist=competitive&season=3ea2b318-423b-cf86-25da-7cbb0eefbe2d,2,Ayrox Esports
735966610321309720,scyreth,Scyreth#URAQT,https://tracker.gg/valorant/profile/riot/Scyreth%23URAQT/performance?platform=pc&playlist=competitive&season=3ea2b318-423b-cf86-25da-7cbb0eefbe2d,2,Ayrox Esports
940297228675850310,willio__,Wileli#willo,https://tracker.gg/valorant/profile/riot/Wileli%23willo/performance?platform=pc&playlist=competitive&season=aef237a0-494d-3a14-a1c8-ec8de84e309c,2,Ayrox Esports
647998641956454440,zdyzze,Infinite ZDYZZE#SDS,https://tracker.gg/valorant/profile/riot/Infinite%20ZDYZZE%23SDS/performance?platform=pc&playlist=competitive&season=4c4b8cff-43eb-13d3-8f14-96b783c90cd2,2,Ayrox Esports
302221304956977153,real_grey,Grey#0430,https://tracker.gg/valorant/profile/riot/Grey%230430/performance?platform=pc&playlist=competitive&season=3ea2b318-423b-cf86-25da-7cbb0eefbe2d,2,Great Uncs
350855477158215681,fralve,Fralvey#KHNG,https://tracker.gg/valorant/profile/riot/Fralvey%23KHNG/performance?platform=pc&playlist=competitive&season=3ea2b318-423b-cf86-25da-7cbb0eefbe2d,5,
780143585348943883,goldfishfarts,jellycats#nwjns,https://tracker.gg/valorant/profile/riot/jellycats%23nwjns/overview?platform=pc&playlist=competitive&season=3ea2b318-423b-cf86-25da-7cbb0eefbe2d,2,shoelaces
1126229101548683396,gohawks413,gohawks#413,https://tracker.gg/valorant/profile/riot/gohawks%23413/overview?platform=pc&playlist=competitive&season=3ea2b318-423b-cf86-25da-7cbb0eefbe2d,0,Skill Forge
1079449234320932964,greenhumanbeing.,gweenest#being,https://tracker.gg/valorant/profile/riot/gweenest%23being/overview?platform=pc&playlist=competitive&season=3ea2b318-423b-cf86-25da-7cbb0eefbe2d,1,Skill Forge
757787562671734794,_mcren,Midnight#LFD,https://tracker.gg/valorant/profile/riot/Midnight%23LFD/overview?season=3ea2b318-423b-cf86-25da-7cbb0eefbe2d&playlist=competitive&platform=pc,4,Skill Forge
1123272347303022592,v3zy.,vezyy#patos,https://tracker.gg/valorant/profile/riot/vezyy%23patos/overview?platform=pc&playlist=competitive&season=3ea2b318-423b-cf86-25da-7cbb0eefbe2d,3,Skill Forge
234480492056018945,boostedv3,boostedv3#4969,https://tracker.gg/valorant/profile/riot/boostedv3%234969/performance?platform=pc&playlist=competitive&season=3ea2b318-423b-cf86-25da-7cbb0eefbe2d,4,Skill Forge
747640774853918760,747640774853918760,Ander#letme,https://tracker.gg/valorant/profile/riot/Ander%23Letme/performance?platform=pc&playlist=competitive&season=3ea2b318-423b-cf86-25da-7cbb0eefbe2d,4,The Fearmongers
763894476351078400,rach4el,scoobertdoobert#remii,https://tracker.gg/valorant/profile/riot/scoobertdoobert%23remii/performance?platform=pc&playlist=competitive&season=3ea2b318-423b-cf86-25da-7cbb0eefbe2d,3,
864640362652237874,necromzo,Necromzo#KOREA,https://tracker.gg/valorant/profile/riot/Necromzo%23KOREA/performance?platform=pc&playlist=competitive&season=3ea2b318-423b-cf86-25da-7cbb0eefbe2d,4,Dry Swing Academy
972261573395624016,wet sand,WetSand#Groov,https://tracker.gg/valorant/profile/riot/WetSand%23Groov/overview?platform=pc&playlist=competitive&season=3ea2b318-423b-cf86-25da-7cbb0eefbe2d,3,Dry Swing Academy
499894666754523158,felix,BruhMomento23#1250,https://tracker.gg/valorant/profile/riot/BruhMomento23%231250/overview?platform=pc&playlist=competitive&season=3ea2b318-423b-cf86-25da-7cbb0eefbe2d,2,Dry Swing Academy
1374222151523106866,squidyy,SquidYa#090,https://tracker.gg/valorant/profile/riot/SquidYa0%23090/overview?playlist=competitive&platform=pc&season=3ea2b318-423b-cf86-25da-7cbb0eefbe2d,2,Dry Swing Academy
1006867191754407986,cmoneygaming,CmoneyGaming#Dodge,https://tracker.gg/valorant/profile/riot/CmoneyGaming%23Dodge/performance?platform=pc&playlist=competitive&season=3ea2b318-423b-cf86-25da-7cbb0eefbe2d,2,Dry Swing Academy
694529309322248292,sambar.,AzerothLight#4475,https://tracker.gg/valorant/profile/riot/AzerothLight%234475/overview?platform=pc&playlist=competitive&season=aef237a0-494d-3a14-a1c8-ec8de84e309c,2,
655548679889092619,kirxzo,Absolute Cancel#7DS,https://tracker.gg/valorant/profile/riot/Absolute%20Cancel%237DS/overview?platform=pc&playlist=competitive,3,